{"timestamp":1735154442437,"content":{"success":true,"data":{"phoneNumbers":[{"phoneNumber":"13476811000","messageCount":269,"lastStatus":"sent","lastDate":"2024-12-25T18:55:23.934081Z"},{"phoneNumber":"13157448965","messageCount":58,"lastStatus":"sent","lastDate":"2024-12-25T16:53:42.996045Z"},{"phoneNumber":"19173787887","messageCount":33,"lastStatus":"sent","lastDate":"2024-12-25T15:37:05.078728Z"},{"phoneNumber":"13476811001","messageCount":12,"lastStatus":"failed","lastDate":"2024-12-24T22:56:47.734894Z"},{"phoneNumber":"19298000988","messageCount":10,"lastStatus":"sent","lastDate":"2024-12-25T15:34:54.05363Z"},{"phoneNumber":"16467327506","messageCount":10,"lastStatus":"sent","lastDate":"2024-12-25T01:02:27.938934Z"},{"phoneNumber":"19342334281","messageCount":5,"lastStatus":"sent","lastDate":"2024-12-25T16:52:10.778689Z"},{"phoneNumber":"16316407804","messageCount":5,"lastStatus":"sent","lastDate":"2024-12-25T16:45:14.488117Z"},{"phoneNumber":"19176692904","messageCount":5,"lastStatus":"sent","lastDate":"2024-12-25T15:47:41.714Z"},{"phoneNumber":"19173463488","messageCount":5,"lastStatus":"sent","lastDate":"2024-12-25T13:27:39.392Z"},{"phoneNumber":"16463216708","messageCount":5,"lastStatus":"sent","lastDate":"2024-12-25T03:54:03.74Z"},{"phoneNumber":"19178259251","messageCount":5,"lastStatus":"sent","lastDate":"2024-12-25T00:01:45.493Z"},{"phoneNumber":"13476120583","messageCount":4,"lastStatus":"sent","lastDate":"2024-12-24T23:15:46.094Z"},{"phoneNumber":"13123638241","messageCount":4,"lastStatus":"sent","lastDate":"2024-12-24T23:04:29.097Z"},{"phoneNumber":"17189090796","messageCount":4,"lastStatus":"sent","lastDate":"2024-12-24T22:44:59.183Z"},{"phoneNumber":"16267579928","messageCount":4,"lastStatus":"sent","lastDate":"2024-12-24T22:14:28.059591Z"},{"phoneNumber":"16464079887","messageCount":4,"lastStatus":"sent","lastDate":"2024-12-24T21:53:56.761Z"},{"phoneNumber":"16262230578","messageCount":4,"lastStatus":"sent","lastDate":"2024-12-24T21:49:14.078Z"},{"phoneNumber":"19173614527","messageCount":4,"lastStatus":"sent","lastDate":"2024-12-24T21:37:24.207Z"},{"phoneNumber":"19176506259","messageCount":4,"lastStatus":"sent","lastDate":"2024-12-24T21:36:36.963Z"},{"phoneNumber":"16462881002","messageCount":4,"lastStatus":"sent","lastDate":"2024-12-24T21:34:54.742Z"},{"phoneNumber":"16463716969","messageCount":4,"lastStatus":"sent","lastDate":"2024-12-24T21:33:10.416Z"},{"phoneNumber":"17184079409","messageCount":4,"lastStatus":"sent","lastDate":"2024-12-24T21:25:36.938Z"},{"phoneNumber":"16467058511","messageCount":4,"lastStatus":"sent","lastDate":"2024-12-24T21:25:31.787Z"}],"total":24,"page":1,"limit":100,"hasMore":false}}}