{
  "13476811000": [
    {
      "messageHash": "aa7ef43053884d56eaaab7f1f5fab732",
      "timestamp": "2024-12-25T19:40:45.289Z",
      "templateId": "temp_1735155644785",
      "text": "Hello {{name}}, your order {{orderId}} is ready"
    },
    {
      "messageHash": "ddd37dad5db0de0242d52c13151d1b9f",
      "timestamp": "2024-12-25T19:45:51.897Z",
      "templateId": "temp_1735155951329",
      "text": "Hello {{name}}, your order {{orderId}} is ready@"
    },
    {
      "messageHash": "093ee361b053a5d5ecf456007f83ff7e",
      "timestamp": "2024-12-25T19:59:07.630Z",
      "templateId": "temp_1735156747157",
      "text": "Hello {{name}}, your order {{orderId}} is ready!"
    }
  ],
  "13476811001": [
    {
      "messageHash": "cca89f02158f3532c86186527dabfc96",
      "timestamp": "2024-12-25T19:53:36.443Z",
      "templateId": "temp_1735156415402",
      "text": "Hello {{name}}, your order {{orderId}} is ready"
    }
  ]
}